{
  "param": {
    "year": 2026,
    "language": "en-IE",
    "layout": "aligned-weekdays",
    "highlight_color": "#eeeeee",
    "color_cell": [
      { "date": "2026-01-01", "color": "#cfe8ff" },
      { "date": "2026-01-12", "color": "#fff2b3" },
      { "date": "2026-02-02", "color": "#c9f7c9" },
      { "date": "2026-03-17", "color": "#c9f7c9" },
      { "date": "2026-03-23", "color": "#fff2b3" },
      { "date": "2026-04-02", "color": "#fff2b3" },
      { "date": "2026-04-03", "color": "#fff2b3" },
      { "date": "2026-04-06", "color": "#c9f7c9" },
      { "date": "2026-05-01", "color": "#fff2b3" },
      { "date": "2026-05-04", "color": "#c9f7c9" },
      { "date": "2026-05-18", "color": "#fff2b3" },
      { "date": "2026-06-01", "color": "#c9f7c9" },
      { "date": "2026-06-08", "color": "#fff2b3" },
      { "date": "2026-06-15", "color": "#fff2b3" },
      { "date": "2026-06-29", "color": "#fff2b3" },
      { "date": "2026-07-20", "color": "#fff2b3" },
      { "date": "2026-08-03", "color": "#c9f7c9" },
      { "date": "2026-08-07", "color": "#fff2b3" },
      { "date": "2026-08-17", "color": "#fff2b3" },
      { "date": "2026-10-12", "color": "#fff2b3" },
      { "date": "2026-10-26", "color": "#c9f7c9" },
      { "date": "2026-11-02", "color": "#fff2b3" },
      { "date": "2026-11-16", "color": "#fff2b3" },
      { "date": "2026-12-08", "color": "#fff2b3" },
      { "date": "2026-12-25", "color": "#cfe8ff" },
      { "date": "2026-12-26", "color": "#c9f7c9" },
      { "date": "2026-12-28", "color": "#c9f7c9" }
    ]
  },

  "2026-01-01": "🇮🇪🇨🇴 New Year’s Day",
  "2026-01-12": "🇨🇴 Epiphany (in lieu)",
  "2026-02-02": "🇮🇪 St Brigid’s Day",
  "2026-03-17": "🇮🇪 St Patrick’s Day",
  "2026-03-23": "🇨🇴 St Joseph’s Day (in lieu)",
  "2026-04-02": "🇨🇴 Maundy Thursday",
  "2026-04-03": "🇨🇴 Good Friday",
  "2026-04-06": "🇮🇪 Easter Monday",
  "2026-05-01": "🇨🇴 Labour Day",
  "2026-05-04": "🇮🇪 May Bank Holiday",
  "2026-05-18": "🇨🇴 Ascension (in lieu)",
  "2026-06-01": "🇮🇪 June Bank Holiday",
  "2026-06-08": "🇨🇴 Corpus Christi (in lieu)",
  "2026-06-15": "🇨🇴 Sacred Heart",
  "2026-06-29": "🇨🇴 Saints Peter & Paul (in lieu)",
  "2026-07-20": "🇨🇴 Independence Day",
  "2026-08-03": "🇮🇪 August Bank Holiday",
  "2026-08-07": "🇨🇴 Battle of Boyacá",
  "2026-08-17": "🇨🇴 Assumption (in lieu)",
  "2026-10-12": "🇨🇴 Día de la Raza",
  "2026-10-26": "🇮🇪 October Bank Holiday",
  "2026-11-02": "🇨🇴 All Saints (in lieu)",
  "2026-11-16": "🇨🇴 Independence of Cartagena (in lieu)",
  "2026-12-08": "🇨🇴 Immaculate Conception",
  "2026-12-25": "🇮🇪🇨🇴 Christmas Day",
  "2026-12-26": "🇮🇪 St Stephen’s Day",
  "2026-12-28": "🇮🇪 St Stephen’s Day (substitute)"
}
